{"bbr": {"1": {"1": {"delay": 14.744, "loss": 0.00024163255535303296, "tput": 33.92907047722017}, "all": {"delay": 14.744, "loss": 0.00024163255535303296, "tput": 33.92907047722017}}}, "vivace": {"1": {"1": {"delay": 20.646, "loss": 0.00033502275635077794, "tput": 1.144676615028125}, "all": {"delay": 20.646, "loss": 0.00033502275635077794, "tput": 1.144676615028125}}}, "cubic": {"1": {"1": {"delay": 85.998, "loss": 0.000986962571364547, "tput": 44.53606214211142}, "all": {"delay": 85.998, "loss": 0.000986962571364547, "tput": 44.53606214211142}}}}