{"bbr": {"1": {"1": {"delay": 15.911, "loss": 0.0001596520835596138, "tput": 32.57894063233446}, "all": {"delay": 15.911, "loss": 0.0001596520835596138, "tput": 32.57894063233446}}, "2": {"1": {"delay": 16.245, "loss": 0.00015019231876101102, "tput": 31.96904165132136}, "all": {"delay": 16.245, "loss": 0.00015019231876101102, "tput": 31.96904165132136}}, "3": {"1": {"delay": 15.259, "loss": 0.00017518729051724247, "tput": 33.107934353822266}, "all": {"delay": 15.259, "loss": 0.00017518729051724247, "tput": 33.107934353822266}}, "4": {"1": {"delay": 16.486, "loss": 0.00024953520347215097, "tput": 30.452354498297723}, "all": {"delay": 16.486, "loss": 0.00024953520347215097, "tput": 30.452354498297723}}, "5": {"1": {"delay": 14.756, "loss": 0.0002213539263264952, "tput": 33.40320209727619}, "all": {"delay": 14.756, "loss": 0.0002213539263264952, "tput": 33.40320209727619}}}, "vivace": {"1": {"1": {"delay": 21.043, "loss": 0.00036274336079022973, "tput": 1.0881470529931718}, "all": {"delay": 21.043, "loss": 0.00036274336079022973, "tput": 1.0881470529931718}}, "2": {"1": {"delay": 20.777, "loss": 0.00015968855688608397, "tput": 1.2704576575571167}, "all": {"delay": 20.777, "loss": 0.00015968855688608397, "tput": 1.2704576575571167}}, "3": {"1": {"delay": 20.892, "loss": 9.69091071023609e-06, "tput": 1.1574399557205206}, "all": {"delay": 20.892, "loss": 9.69091071023609e-06, "tput": 1.1574399557205206}}, "4": {"1": {"delay": 20.626, "loss": 0.00012398523792600535, "tput": 1.6363341894450005}, "all": {"delay": 20.626, "loss": 0.00012398523792600535, "tput": 1.6363341894450005}}, "5": {"1": {"delay": 20.828, "loss": 0.00016316809722816128, "tput": 1.1751938818440404}, "all": {"delay": 20.828, "loss": 0.00016316809722816128, "tput": 1.1751938818440404}}}, "cubic": {"1": {"1": {"delay": 45.214, "loss": 0.012781718544664034, "tput": 0.03156610948739116}, "all": {"delay": 45.214, "loss": 0.012781718544664034, "tput": 0.03156610948739116}}, "2": {"1": {"delay": 84.517, "loss": 0.0011575573642058634, "tput": 44.510784791432144}, "all": {"delay": 84.517, "loss": 0.0011575573642058634, "tput": 44.510784791432144}}, "3": {"1": {"delay": 123.303, "loss": 0.001182284324552585, "tput": 44.93436497766301}, "all": {"delay": 123.303, "loss": 0.001182284324552585, "tput": 44.93436497766301}}, "4": {"1": {"delay": 91.663, "loss": 0.0011409324031195212, "tput": 47.125533570018405}, "all": {"delay": 91.663, "loss": 0.0011409324031195212, "tput": 47.125533570018405}}, "5": {"1": {"delay": 95.556, "loss": 0.0027073977984362063, "tput": 46.47081611169646}, "all": {"delay": 95.556, "loss": 0.0027073977984362063, "tput": 46.47081611169646}}}}