{"vegas": {"1": {"1": {"delay": 12.252, "loss": 0.00013816180598846817, "tput": 11.580389089181008}, "all": {"delay": 12.252, "loss": 0.00013816180598846817, "tput": 11.580389089181008}}}, "bbr": {"1": {"1": {"delay": 36.194, "loss": 0.0005739837864661146, "tput": 11.83600894148201}, "all": {"delay": 36.194, "loss": 0.0005739837864661146, "tput": 11.83600894148201}}}, "cubic": {"1": {"1": {"delay": 1715.1, "loss": 0.022324818972712435, "tput": 11.996585564916858}, "all": {"delay": 1715.1, "loss": 0.022324818972712435, "tput": 11.996585564916858}}}}