{"copa": {}, "bbr": {"1": {"1": {"delay": 160.741, "loss": 0.018365387200328098, "tput": 11.496136024757236}, "all": {"delay": 160.741, "loss": 0.018365387200328098, "tput": 11.496136024757236}}}, "cubic": {"1": {"1": {"delay": 181.294, "loss": 0.00803150070681713, "tput": 11.75291674575617}, "all": {"delay": 181.294, "loss": 0.00803150070681713, "tput": 11.75291674575617}}}}