{"bbr": {"1": {"1": {"delay": 437.787, "loss": 0.00764127688352656, "tput": 0.9628937508271266}, "all": {"delay": 437.787, "loss": 0.00764127688352656, "tput": 0.9628937508271266}}, "2": {"1": {"delay": 246.54, "loss": 0.0031138920550636273, "tput": 0.9620862165770648}, "all": {"delay": 246.54, "loss": 0.0031138920550636273, "tput": 0.9620862165770648}}, "3": {"1": {"delay": 393.506, "loss": 0.0049708761887298225, "tput": 0.9623848478872129}, "all": {"delay": 393.506, "loss": 0.0049708761887298225, "tput": 0.9623848478872129}}, "4": {"1": {"delay": 392.662, "loss": 0.007237202695713263, "tput": 0.9626860091453503}, "all": {"delay": 392.662, "loss": 0.007237202695713263, "tput": 0.9626860091453503}}, "5": {"1": {"delay": 382.061, "loss": 0.003734344796757605, "tput": 0.9618861995707644}, "all": {"delay": 382.061, "loss": 0.003734344796757605, "tput": 0.9618861995707644}}}, "vivace": {"2": {"1": {"delay": 5133.705, "loss": 0.24885478959295115, "tput": 0.9906085195520262}, "all": {"delay": 5133.705, "loss": 0.24885478959295115, "tput": 0.9906085195520262}}, "3": {"1": {"delay": 5144.874, "loss": 0.251267789889699, "tput": 0.9905506015728684}, "all": {"delay": 5144.874, "loss": 0.251267789889699, "tput": 0.9905506015728684}}, "4": {"1": {"delay": 5103.981, "loss": 0.2041249532135313, "tput": 0.9905628778506312}, "all": {"delay": 5103.981, "loss": 0.2041249532135313, "tput": 0.9905628778506312}}, "5": {"1": {"delay": 5149.876, "loss": 0.25410681691929216, "tput": 0.9905084286411459}, "all": {"delay": 5149.876, "loss": 0.25410681691929216, "tput": 0.9905084286411459}}}, "cubic": {"1": {"1": {"delay": 5090.947, "loss": 0.14307628292885677, "tput": 0.9934243770643038}, "all": {"delay": 5090.947, "loss": 0.14307628292885677, "tput": 0.9934243770643038}}, "2": {"1": {"delay": 5097.072, "loss": 0.14332337811185192, "tput": 0.9929464971222715}, "all": {"delay": 5097.072, "loss": 0.14332337811185192, "tput": 0.9929464971222715}}, "3": {"1": {"delay": 5092.126, "loss": 0.1421869154826214, "tput": 0.9931635826864167}, "all": {"delay": 5092.126, "loss": 0.1421869154826214, "tput": 0.9931635826864167}}, "4": {"1": {"delay": 5095.06, "loss": 0.14238452148189706, "tput": 0.9931396855703132}, "all": {"delay": 5095.06, "loss": 0.14238452148189706, "tput": 0.9931396855703132}}, "5": {"1": {"delay": 5093.934, "loss": 0.14238452148189706, "tput": 0.9929841804861503}, "all": {"delay": 5093.934, "loss": 0.14238452148189706, "tput": 0.9929841804861503}}}}